nominal,concentration
4 mM,0.004028
8 mM,0.008056
12 mM,0.012084
16 mM,0.016112